{"cameraMode":{"drawMode":0,"name":"Shaded","section":"Shading Mode"},"sceneLighting":false,"audioPlay":false,"sceneViewState":{"showFog":true,"showMaterialUpdate":false,"showSkybox":false,"showFlares":true,"showImageEffects":true,"showParticleSystems":true},"in2DMode":false,"pivot":{"x":24.970354080200197,"y":1.328344464302063,"z":11.471603393554688},"rotation":{"x":0.03434925526380539,"y":-0.9571940302848816,"z":0.2575160264968872,"w":0.12768030166625977},"size":2.2146637439727785,"orthographic":false}